{"pA":0.32,"pC":0.18,"pG":0.18,"pT":0.32,
 "flankExtend":0.99,"intron":0.001,"extendIntron":0.99,
 "A_GCA":0.31428571428571433,"A_GCC":0.2,"A_GCG":0.13015873015873014,"A_GCT":0.35555555555555557,"C_TGC":0.4482758620689656,"C_TGT":0.5517241379310345,"D_GAC":0.32325141776937616,"D_GAT":0.6767485822306237,"E_GAA":0.6248085758039816,"E_GAG":0.3751914241960184,"F_TTC":0.5063559322033898,"F_TTT":0.4936440677966102,"G_GGA":0.590316573556797,"G_GGC":0.12476722532588455,"G_GGG":0.0819366852886406,"G_GGT":0.20297951582867785,"H_CAC":0.3948497854077253,"H_CAT":0.6051502145922746,"I_ATA":0.15676567656765675,"I_ATC":0.3118811881188119,"I_ATT":0.5313531353135313,"K_AAA":0.5924170616113744,"K_AAG":0.40758293838862564,"L_CTA":0.09207459207459208,"L_CTC":0.1724941724941725,"L_CTG":0.14102564102564102,"L_CTT":0.24708624708624707,"L_TTA":0.11421911421911424,"L_TTG":0.2331002331002331,"M_ATG":1,"N_AAC":0.37731958762886597,"N_AAT":0.6226804123711339,"P_CCA":0.5326530612244899,"P_CCC":0.08979591836734695,"P_CCG":0.19795918367346935,"P_CCT":0.1795918367346939,"Q_CAA":0.6555023923444976,"Q_CAG":0.3444976076555024,"R_AGA":0.29333333333333333,"R_AGG":0.07619047619047618,"R_CGA":0.23047619047619045,"R_CGC":0.09714285714285713,"R_CGG":0.08952380952380952,"R_CGT":0.21333333333333332,"S_AGC":0.10421836228287842,"S_AGT":0.15012406947890816,"S_TCA":0.25558312655086846,"S_TCC":0.1315136476426799,"S_TCG":0.15136476426799006,"S_TCT":0.20719602977667492,"T_ACA":0.34364261168384885,"T_ACC":0.17869415807560138,"T_ACG":0.15292096219931273,"T_ACT":0.3247422680412371,"V_GTA":0.1585760517799353,"V_GTC":0.22006472491909385,"V_GTG":0.2313915857605178,"V_GTT":0.38996763754045305,"W_TGG":1,"Y_TAC":0.4391025641025641,"Y_TAT":0.560897435897436}
