{
 "alphabet": "arndcqeghilkmfpstwyv",
 "insBegin": 0.00995017,
 "insExtend": 0.66,
 "delBegin": 0.00995017,
 "delExtend": 0.66,
 "insVec": {
  "a": 0.0788272,
  "r": 0.0521421,
  "n": 0.041964,
  "d": 0.0511397,
  "c": 0.0137835,
  "q": 0.0370417,
  "e": 0.0637743,
  "g": 0.0752693,
  "h": 0.021447,
  "i": 0.0643926,
  "l": 0.100979,
  "k": 0.0567807,
  "m": 0.0213889,
  "f": 0.0443702,
  "p": 0.0465874,
  "s": 0.0614827,
  "t": 0.0535053,
  "w": 0.0132036,
  "y": 0.0333285,
  "v": 0.068592
 },
 "subMat": {
  "a": {
   "a": 0.38305,
   "r": 0.0228226,
   "n": 0.0226886,
   "d": 0.0237223,
   "c": 0.0146589,
   "q": 0.0267362,
   "e": 0.0438087,
   "g": 0.0655422,
   "h": 0.00859015,
   "i": 0.0307978,
   "l": 0.0456726,
   "k": 0.0336824,
   "m": 0.0133066,
   "f": 0.0146643,
   "p": 0.031304,
   "s": 0.0864309,
   "t": 0.0521548,
   "w": 0.00303928,
   "y": 0.0120676,
   "v": 0.0652596
  },
  "r": {
   "a": 0.0345027,
   "r": 0.428454,
   "n": 0.0300281,
   "d": 0.0199161,
   "c": 0.0043468,
   "q": 0.0555156,
   "e": 0.047236,
   "g": 0.0246509,
   "h": 0.0236593,
   "i": 0.0136644,
   "l": 0.0314156,
   "k": 0.138712,
   "m": 0.00962674,
   "f": 0.00875039,
   "p": 0.019827,
   "s": 0.0374982,
   "t": 0.0316133,
   "w": 0.0061288,
   "y": 0.0154625,
   "v": 0.0189919
  },
  "n": {
   "a": 0.0426195,
   "r": 0.0373113,
   "n": 0.333675,
   "d": 0.0944927,
   "c": 0.00516965,
   "q": 0.0397685,
   "e": 0.0545159,
   "g": 0.0597246,
   "h": 0.0318345,
   "i": 0.0132453,
   "l": 0.0213363,
   "k": 0.0615517,
   "m": 0.00756906,
   "f": 0.0096424,
   "p": 0.018343,
   "s": 0.082247,
   "t": 0.0498125,
   "w": 0.0033257,
   "y": 0.0165856,
   "v": 0.0172303
  },
  "d": {
   "a": 0.0365658,
   "r": 0.0203065,
   "n": 0.0775381,
   "d": 0.439025,
   "c": 0.00239041,
   "q": 0.033025,
   "e": 0.139713,
   "g": 0.0411005,
   "h": 0.0155236,
   "i": 0.00713553,
   "l": 0.0124018,
   "k": 0.0388672,
   "m": 0.00424372,
   "f": 0.00491055,
   "p": 0.0225887,
   "s": 0.0508187,
   "t": 0.0312419,
   "w": 0.00225091,
   "y": 0.00853881,
   "v": 0.0118144
  },
  "c": {
   "a": 0.0838335,
   "r": 0.0164436,
   "n": 0.015739,
   "d": 0.00886891,
   "c": 0.50108,
   "q": 0.00973186,
   "e": 0.0106522,
   "g": 0.0233186,
   "h": 0.00774927,
   "i": 0.0333013,
   "l": 0.0492847,
   "k": 0.0124017,
   "m": 0.0131366,
   "f": 0.0240833,
   "p": 0.00967544,
   "s": 0.0582434,
   "t": 0.0380737,
   "w": 0.00579522,
   "y": 0.0179907,
   "v": 0.0605966
  },
  "q": {
   "a": 0.0568966,
   "r": 0.078147,
   "n": 0.0450531,
   "d": 0.0455944,
   "c": 0.00362131,
   "q": 0.253081,
   "e": 0.109667,
   "g": 0.0302765,
   "h": 0.0333926,
   "i": 0.0180808,
   "l": 0.0454599,
   "k": 0.0928425,
   "m": 0.0145663,
   "f": 0.0118,
   "p": 0.0266468,
   "s": 0.0518621,
   "t": 0.0399295,
   "w": 0.00365423,
   "y": 0.0149567,
   "v": 0.0244719
  },
  "e": {
   "a": 0.0541491,
   "r": 0.0386202,
   "n": 0.0358718,
   "d": 0.112034,
   "c": 0.00230226,
   "q": 0.063697,
   "e": 0.397967,
   "g": 0.0297956,
   "h": 0.0145412,
   "i": 0.0122929,
   "l": 0.0218674,
   "k": 0.0703989,
   "m": 0.00688617,
   "f": 0.00605723,
   "p": 0.0266139,
   "s": 0.0433656,
   "t": 0.0318725,
   "w": 0.00236727,
   "y": 0.00901764,
   "v": 0.0202823
  },
  "g": {
   "a": 0.0686405,
   "r": 0.0170767,
   "n": 0.0332975,
   "d": 0.0279247,
   "c": 0.00427018,
   "q": 0.0148997,
   "e": 0.0252453,
   "g": 0.646024,
   "h": 0.00652826,
   "i": 0.00727675,
   "l": 0.0132593,
   "k": 0.0207697,
   "m": 0.00433576,
   "f": 0.00614654,
   "p": 0.0140042,
   "s": 0.0503153,
   "t": 0.0193438,
   "w": 0.00283518,
   "y": 0.00499051,
   "v": 0.0128166
  },
  "h": {
   "a": 0.0315726,
   "r": 0.0575209,
   "n": 0.0622884,
   "d": 0.0370155,
   "c": 0.00498028,
   "q": 0.0576733,
   "e": 0.0432395,
   "g": 0.0229113,
   "h": 0.375712,
   "i": 0.0147987,
   "l": 0.0320539,
   "k": 0.0460581,
   "m": 0.00863744,
   "f": 0.0257694,
   "p": 0.0205983,
   "s": 0.0416062,
   "t": 0.0297263,
   "w": 0.00745206,
   "y": 0.062508,
   "v": 0.0178775
  },
  "i": {
   "a": 0.0377016,
   "r": 0.0110648,
   "n": 0.00863179,
   "d": 0.00566693,
   "c": 0.00712828,
   "q": 0.0104009,
   "e": 0.0121749,
   "g": 0.00850587,
   "h": 0.00492895,
   "i": 0.371567,
   "l": 0.170459,
   "k": 0.0143444,
   "m": 0.0331622,
   "f": 0.0380093,
   "p": 0.00988319,
   "s": 0.0158244,
   "t": 0.0343729,
   "w": 0.00433682,
   "y": 0.0150239,
   "v": 0.186813
  },
  "l": {
   "a": 0.0356533,
   "r": 0.0162219,
   "n": 0.00886672,
   "d": 0.00628076,
   "c": 0.0067273,
   "q": 0.0166758,
   "e": 0.0138105,
   "g": 0.00988341,
   "h": 0.00680795,
   "i": 0.108699,
   "l": 0.49199,
   "k": 0.0170498,
   "m": 0.0445208,
   "f": 0.0578525,
   "p": 0.0124404,
   "s": 0.0178091,
   "t": 0.022401,
   "w": 0.00770252,
   "y": 0.0192127,
   "v": 0.0793946
  },
  "k": {
   "a": 0.0467604,
   "r": 0.12738,
   "n": 0.0454899,
   "d": 0.0350058,
   "c": 0.0030105,
   "q": 0.060567,
   "e": 0.0790699,
   "g": 0.0275326,
   "h": 0.0173969,
   "i": 0.0162674,
   "l": 0.0303215,
   "k": 0.340023,
   "m": 0.0106011,
   "f": 0.0084471,
   "p": 0.0266976,
   "s": 0.0464585,
   "t": 0.0418848,
   "w": 0.00317964,
   "y": 0.0123117,
   "v": 0.0215942
  },
  "m": {
   "a": 0.0490405,
   "r": 0.0234681,
   "n": 0.0148501,
   "d": 0.0101465,
   "c": 0.00846557,
   "q": 0.0252262,
   "e": 0.0205321,
   "g": 0.0152579,
   "h": 0.00866087,
   "i": 0.0998368,
   "l": 0.210186,
   "k": 0.0281425,
   "m": 0.251489,
   "f": 0.0484355,
   "p": 0.0120875,
   "s": 0.0266873,
   "t": 0.0422454,
   "w": 0.00927512,
   "y": 0.0199801,
   "v": 0.0759868
  },
  "f": {
   "a": 0.0260522,
   "r": 0.0102831,
   "n": 0.00911947,
   "d": 0.00565974,
   "c": 0.00748144,
   "q": 0.00985101,
   "e": 0.00870618,
   "g": 0.0104269,
   "h": 0.012456,
   "i": 0.0551613,
   "l": 0.131662,
   "k": 0.0108098,
   "m": 0.0233486,
   "f": 0.470137,
   "p": 0.00964008,
   "s": 0.0201227,
   "t": 0.0153412,
   "w": 0.02163,
   "y": 0.0986714,
   "v": 0.0434396
  },
  "p": {
   "a": 0.0529672,
   "r": 0.022191,
   "n": 0.0165226,
   "d": 0.024796,
   "c": 0.00286261,
   "q": 0.0211869,
   "e": 0.0364322,
   "g": 0.0226259,
   "h": 0.00948266,
   "i": 0.0136604,
   "l": 0.0269649,
   "k": 0.0325391,
   "m": 0.00554955,
   "f": 0.00918129,
   "p": 0.592778,
   "s": 0.0488045,
   "t": 0.0292796,
   "w": 0.00270557,
   "y": 0.00741719,
   "v": 0.0220533
  },
  "s": {
   "a": 0.110813,
   "r": 0.0318013,
   "n": 0.0561363,
   "d": 0.0422696,
   "c": 0.0130573,
   "q": 0.0312455,
   "e": 0.044982,
   "g": 0.0615976,
   "h": 0.0145135,
   "i": 0.0165734,
   "l": 0.0292496,
   "k": 0.0429055,
   "m": 0.00928414,
   "f": 0.0145219,
   "p": 0.0369807,
   "s": 0.304203,
   "t": 0.0952974,
   "w": 0.00356307,
   "y": 0.0139172,
   "v": 0.0270878
  },
  "t": {
   "a": 0.0768377,
   "r": 0.0308079,
   "n": 0.0390678,
   "d": 0.0298607,
   "c": 0.00980822,
   "q": 0.0276432,
   "e": 0.0379897,
   "g": 0.027212,
   "h": 0.0119155,
   "i": 0.0413672,
   "l": 0.0422768,
   "k": 0.0444489,
   "m": 0.0168878,
   "f": 0.012722,
   "p": 0.0254939,
   "s": 0.109506,
   "t": 0.337774,
   "w": 0.00319366,
   "y": 0.0122661,
   "v": 0.0629213
  },
  "w": {
   "a": 0.0181449,
   "r": 0.0242032,
   "n": 0.0105698,
   "d": 0.00871816,
   "c": 0.00604977,
   "q": 0.0102517,
   "e": 0.0114341,
   "g": 0.0161624,
   "h": 0.0121046,
   "i": 0.0211504,
   "l": 0.058908,
   "k": 0.0136737,
   "m": 0.0150252,
   "f": 0.072687,
   "p": 0.0095463,
   "s": 0.0165915,
   "t": 0.0129418,
   "w": 0.577671,
   "y": 0.0655273,
   "v": 0.0186395
  },
  "y": {
   "a": 0.0285418,
   "r": 0.0241909,
   "n": 0.0208829,
   "d": 0.013102,
   "c": 0.00744029,
   "q": 0.0166231,
   "e": 0.0172553,
   "g": 0.0112706,
   "h": 0.0402241,
   "i": 0.029027,
   "l": 0.0582108,
   "k": 0.020975,
   "m": 0.0128225,
   "f": 0.131361,
   "p": 0.0103679,
   "s": 0.0256738,
   "t": 0.0196919,
   "w": 0.0259596,
   "y": 0.456669,
   "v": 0.0297108
  },