{"eqmA":0.0788272,"eqmR":0.0521421,"eqmN":0.041964,"eqmD":0.0511397,"eqmC":0.0137835,"eqmQ":0.0370417,"eqmE":0.0637743,"eqmG":0.0752693,"eqmH":0.021447,"eqmI":0.0643926,"eqmL":0.100979,"eqmK":0.0567807,"eqmM":0.0213889,"eqmF":0.0443702,"eqmP":0.0465874,"eqmS":0.0614827,"eqmT":0.0535053,"eqmW":0.0132036,"eqmY":0.0333285,"eqmV":0.068592,"subAA":0.38305,"subAR":0.0228226,"subAN":0.0226886,"subAD":0.0237223,"subAC":0.0146589,"subAQ":0.0267362,"subAE":0.0438087,"subAG":0.0655422,"subAH":0.00859015,"subAI":0.0307978,"subAL":0.0456726,"subAK":0.0336824,"subAM":0.0133066,"subAF":0.0146643,"subAP":0.031304,"subAS":0.0864309,"subAT":0.0521548,"subAW":0.00303928,"subAY":0.0120676,"subAV":0.0652596,"subRA":0.0345027,"subRR":0.428454,"subRN":0.0300281,"subRD":0.0199161,"subRC":0.0043468,"subRQ":0.0555156,"subRE":0.047236,"subRG":0.0246509,"subRH":0.0236593,"subRI":0.0136644,"subRL":0.0314156,"subRK":0.138712,"subRM":0.00962674,"subRF":0.00875039,"subRP":0.019827,"subRS":0.0374982,"subRT":0.0316133,"subRW":0.0061288,"subRY":0.0154625,"subRV":0.0189919,"subNA":0.0426195,"subNR":0.0373113,"subNN":0.333675,"subND":0.0944927,"subNC":0.00516965,"subNQ":0.0397685,"subNE":0.0545159,"subNG":0.0597246,"subNH":0.0318345,"subNI":0.0132453,"subNL":0.0213363,"subNK":0.0615517,"subNM":0.00756906,"subNF":0.0096424,"subNP":0.018343,"subNS":0.082247,"subNT":0.0498125,"subNW":0.0033257,"subNY":0.0165856,"subNV":0.0172303,"subDA":0.0365658,"subDR":0.0203065,"subDN":0.0775381,"subDD":0.439025,"subDC":0.00239041,"subDQ":0.033025,"subDE":0.139713,"subDG":0.0411005,"subDH":0.0155236,"subDI":0.00713553,"subDL":0.0124018,"subDK":0.0388672,"subDM":0.00424372,"subDF":0.00491055,"subDP":0.0225887,"subDS":0.0508187,"subDT":0.0312419,"subDW":0.00225091,"subDY":0.00853881,"subDV":0.0118144,"subCA":0.0838335,"subCR":0.0164436,"subCN":0.015739,"subCD":0.00886891,"subCC":0.50108,"subCQ":0.00973186,"subCE":0.0106522,"subCG":0.0233186,"subCH":0.00774927,"subCI":0.0333013,"subCL":0.0492847,"subCK":0.0124017,"subCM":0.0131366,"subCF":0.0240833,"subCP":0.00967544,"subCS":0.0582434,"subCT":0.0380737,"subCW":0.00579522,"subCY":0.0179907,"subCV":0.0605966,"subQA":0.0568966,"subQR":0.078147,"subQN":0.0450531,"subQD":0.0455944,"subQC":0.00362131,"subQQ":0.253081,"subQE":0.109667,"subQG":0.0302765,"subQH":0.0333926,"subQI":0.0180808,"subQL":0.0454599,"subQK":0.0928425,"subQM":0.0145663,"subQF":0.0118,"subQP":0.0266468,"subQS":0.0518621,"subQT":0.0399295,"subQW":0.00365423,"subQY":0.0149567,"subQV":0.0244719,"subEA":0.0541491,"subER":0.0386202,"subEN":0.0358718,"subED":0.112034,"subEC":0.00230226,"subEQ":0.063697,"subEE":0.397967,"subEG":0.0297956,"subEH":0.0145412,"subEI":0.0122929,"subEL":0.0218674,"subEK":0.0703989,"subEM":0.00688617,"subEF":0.00605723,"subEP":0.0266139,"subES":0.0433656,"subET":0.0318725,"subEW":0.00236727,"subEY":0.00901764,"subEV":0.0202823,"subGA":0.0686405,"subGR":0.0170767,"subGN":0.0332975,"subGD":0.0279247,"subGC":0.00427018,"subGQ":0.0148997,"subGE":0.0252453,"subGG":0.646024,"subGH":0.00652826,"subGI":0.00727675,"subGL":0.0132593,"subGK":0.0207697,"subGM":0.00433576,"subGF":0.00614654,"subGP":0.0140042,"subGS":0.0503153,"subGT":0.0193438,"subGW":0.00283518,"subGY":0.00499051,"subGV":0.0128166,"subHA":0.0315726,"subHR":0.0575209,"subHN":0.0622884,"subHD":0.0370155,"subHC":0.00498028,"subHQ":0.0576733,"subHE":0.0432395,"subHG":0.0229113,"subHH":0.375712,"subHI":0.0147987,"subHL":0.0320539,"subHK":0.0460581,"subHM":0.00863744,"subHF":0.0257694,"subHP":0.0205983,"subHS":0.0416062,"subHT":0.0297263,"subHW":0.00745206,"subHY":0.062508,"subHV":0.0178775,"subIA":0.0377016,"subIR":0.0110648,"subIN":0.00863179,"subID":0.00566693,"subIC":0.00712828,"subIQ":0.0104009,"subIE":0.0121749,"subIG":0.00850587,"subIH":0.00492895,"subII":0.371567,"subIL":0.170459,"subIK":0.0143444,"subIM":0.0331622,"subIF":0.0380093,"subIP":0.00988319,"subIS":0.0158244,"subIT":0.0343729,"subIW":0.00433682,"subIY":0.0150239,"subIV":0.186813,"subLA":0.0356533,"subLR":0.0162219,"subLN":0.00886672,"subLD":0.00628076,"subLC":0.0067273,"subLQ":0.0166758,"subLE":0.0138105,"subLG":0.00988341,"subLH":0.00680795,"subLI":0.108699,"subLL":0.49199,"subLK":0.0170498,"subLM":0.0445208,"subLF":0.0578525,"subLP":0.0124404,"subLS":0.0178091,"subLT":0.022401,"subLW":0.00770252,"subLY":0.0192127,"subLV":0.0793946,"subKA":0.0467604,"subKR":0.12738,"subKN":0.0454899,"subKD":0.0350058,"subKC":0.0030105,"subKQ":0.060567,"subKE":0.0790699,"subKG":0.0275326,"subKH":0.0173969,"subKI":0.0162674,"subKL":0.0303215,"subKK":0.340023,"subKM":0.0106011,"subKF":0.0084471,"subKP":0.0266976,"subKS":0.0464585,"subKT":0.0418848,"subKW":0.00317964,"subKY":0.0123117,"subKV":0.0215942,"subMA":0.0490405,"subMR":0.0234681,"subMN":0.0148501,"subMD":0.0101465,"subMC":0.00846557,"subMQ":0.0252262,"subME":0.0205321,"subMG":0.0152579,"subMH":0.00866087,"subMI":0.0998368,"subML":0.210186,"subMK":0.0281425,"subMM":0.251489,"subMF":0.0484355,"subMP":0.0120875,"subMS":0.0266873,"subMT":0.0422454,"subMW":0.00927512,"subMY":0.0199801,"subMV":0.0759868,"subFA":0.0260522,"subFR":0.0102831,"subFN":0.00911947,"subFD":0.00565974,"subFC":0.00748144,"subFQ":0.00985101,"subFE":0.00870618,"subFG":0.0104269,"subFH":0.012456,"subFI":0.0551613,"subFL":0.131662,"subFK":0.0108098,"subFM":0.0233486,"subFF":0.470137,"subFP":0.00964008,"subFS":0.0201227,"subFT":0.0153412,"subFW":0.02163,"subFY":0.0986714,"subFV":0.0434396,"subPA":0.0529672,"subPR":0.022191,"subPN":0.0165226,"subPD":0.024796,"subPC":0.00286261,"subPQ":0.0211869,"subPE":0.0364322,"subPG":0.0226259,"subPH":0.00948266,"subPI":0.0136604,"subPL":0.0269649,"subPK":0.0325391,"subPM":0.00554955,"subPF":0.00918129,"subPP":0.592778,"subPS":0.0488045,"subPT":0.0292796,"subPW":0.00270557,"subPY":0.00741719,"subPV":0.0220533,"subSA":0.110813,"subSR":0.0318013,"subSN":0.0561363,"subSD":0.0422696,"subSC":0.0130573,"subSQ":0.0312455,"subSE":0.044982,"subSG":0.0615976,"subSH":0.0145135,"subSI":0.0165734,"subSL":0.0292496,"subSK":0.0429055,"subSM":0.00928414,"subSF":0.0145219,"subSP":0.0369807,"subSS":0.304203,"subST":0.0952974,"subSW":0.00356307,"subSY":0.0139172,"subSV":0.0270878,"subTA":0.0768377,"subTR":0.0308079,"subTN":0.0390678,"subTD":0.0298607,"subTC":0.00980822,"subTQ":0.0276432,"subTE":0.0379897,"subTG":0.027212,"subTH":0.0119155,"subTI":0.0413672,"subTL":0.0422768,"subTK":0.0444489,"subTM":0.0168878,"subTF":0.012722,"subTP":0.0254939,"subTS":0.109506,"subTT":0.337774,"subTW":0.00319366,"subTY":0.0122661,"subTV":0.0629213,"subWA":0.0181449,"subWR":0.0242032,"subWN":0.0105698,"subWD":0.00871816,"subWC":0.00604977,"subWQ":0.0102517,"subWE":0.0114341,"subWG":0.0161624,"subWH":0.0121046,"subWI":0.0211504,"subWL":0.058908,"subWK":0.0136737,"subWM":0.0150252,"subWF":0.072687,"subWP":0.0095463,"subWS":0.0165915,"subWT":0.0129418,"subWW":0.577671,"subWY":0.0655273,"subWV":0.0186395,"subYA":0.0285418,"subYR":0.0241909,"subYN":0.0208829,"subYD":0.013102,"subYC":0.00744029,"subYQ":0.0166231,"subYE":0.0172553,"subYG":0.0112706,"subYH":0.0402241,"subYI":0.029027,"subYL":0.0582108,"subYK":0.020975,"subYM":0.0128225,"subYF":0.131361,"subYP":0.0103679,"subYS":0.0256738,"subYT":0.0196919,"subYW":0.0259596,"subYY":0.456669,"subYV":0.0297108,"subVA":0.0749976,"subVR":0.0144372,"subVN":0.0105413,"subVD":0.00880842,"subVC":0.0121769,"subVQ":0.0132155,"subVE":0.0188577,"subVG":0.0140642,"subVH":0.00558984,"subVI":0.175376,"subVL":0.116883,"subVK":0.0178758,"subVM":0.0236948,"subVF":0.0280999,"subVP":0.0149786,"subVS":0.0242803,"subVT":0.0490816,"subVW":0.00358799,"subVY":0.0144363,"subVV":0.359017}
